{
  "test_acc": 0.787819253438114,
  "test_macro_f1": 0.7568832982202179,
  "test_report": {
    "car_horn": {
      "precision": 0.7272727272727273,
      "recall": 0.48484848484848486,
      "f1-score": 0.5818181818181818,
      "support": 33.0
    },
    "dog_bark": {
      "precision": 0.7338709677419355,
      "recall": 0.91,
      "f1-score": 0.8125,
      "support": 100.0
    },
    "drilling": {
      "precision": 0.8648648648648649,
      "recall": 0.64,
      "f1-score": 0.735632183908046,
      "support": 100.0
    },
    "engine_idling": {
      "precision": 0.8725490196078431,
      "recall": 0.956989247311828,
      "f1-score": 0.9128205128205128,
      "support": 93.0
    },
    "siren": {
      "precision": 0.8448275862068966,
      "recall": 0.5903614457831325,
      "f1-score": 0.6950354609929078,
      "support": 83.0
    },
    "street_music": {
      "precision": 0.7131782945736435,
      "recall": 0.92,
      "f1-score": 0.8034934497816594,
      "support": 100.0
    },
    "accuracy": 0.787819253438114,
    "macro avg": {
      "precision": 0.7927605767113185,
      "recall": 0.7503665296572409,
      "f1-score": 0.7568832982202179,
      "support": 509.0
    },
    "weighted avg": {
      "precision": 0.7985445210152183,
      "recall": 0.787819253438114,
      "f1-score": 0.7798483581997829,
      "support": 509.0
    }
  },
  "mode": "6-classes"
}